Machine Break : Load at Machine Break,40340,N
,,
Time,Extension,Load
(sec),(mm),(N)
0,0,0
0.1,0.0129,0
0.2,0.0296,2.68
0.3,0.0463,5.36
0.4,0.063,5.36
0.5,0.0796,8.05
0.6,0.0963,5.36
0.7,0.113,5.36
0.8,0.1296,8.05
0.9,0.1463,5.36
1,0.1629,8.05
1.1,0.1796,8.05
1.2,0.1963,8.05
1.3,0.2129,8.05
1.4,0.2296,8.05
1.5,0.2463,8.05
1.6,0.263,8.05
1.7,0.2796,8.05
1.8,0.2963,10.73
1.9,0.313,13.42
2,0.3296,16.1
2.1,0.3463,16.1
2.2,0.3629,18.79
2.3,0.3796,18.79
2.4,0.3963,16.1
2.5,0.413,18.79
2.6,0.4296,18.79
2.7,0.4463,18.79
2.8,0.463,18.79
2.9,0.4796,18.79
3,0.4963,18.79
3.1,0.5129,18.79
3.2,0.5296,18.79
3.3,0.5463,18.79
3.4,0.5629,18.79
3.5,0.5796,18.79
3.6,0.5963,18.79
3.7,0.613,18.79
3.9,0.6463,18.79
4,0.663,18.79
4.1,0.6796,18.79
4.2,0.6963,18.79
4.3,0.7129,18.79
4.4,0.7296,18.79
4.5,0.7463,18.79
4.6,0.763,18.79
4.7,0.7796,18.79
4.8,0.7963,18.79
4.9,0.813,18.79
5,0.8297,18.79
5.1,0.8463,18.79
5.2,0.863,18.79
5.3,0.8796,18.79
5.4,0.8963,18.79
5.5,0.9129,18.79
5.6,0.9296,18.79
5.7,0.9463,18.79
5.8,0.963,18.79
5.9,0.9796,18.79
6,0.9963,18.79
6.1,1.013,18.79
6.2,1.0297,18.79
6.3,1.0463,18.79
6.4,1.063,18.79
6.5,1.0796,18.79
6.6,1.0963,18.79
6.7,1.113,18.79
6.8,1.1296,18.79
6.9,1.1463,18.79
7,1.163,18.79
7.1,1.1797,18.79
7.2,1.1963,18.79
7.3,1.213,18.79
7.4,1.2297,18.79
7.5,1.2463,18.79
7.6,1.263,18.79
7.7,1.2796,18.79
7.8,1.2963,18.79
7.9,1.313,21.47
8,1.3296,24.16
8.1,1.3463,24.16
8.2,1.363,21.47
8.3,1.3797,24.16
8.4,1.3963,24.16
8.5,1.413,24.16
8.6,1.4296,24.16
8.7,1.4463,24.16
8.8,1.463,24.16
8.9,1.4796,24.16
9,1.4963,26.84
9.1,1.513,26.84
9.2,1.5297,29.52
9.3,1.5463,29.52
9.4,1.563,29.52
9.5,1.5797,29.52
9.6,1.5963,29.52
9.7,1.613,29.52
9.8,1.6296,29.52
9.9,1.6463,29.52
10,1.663,29.52
10.1,1.6796,29.52
10.2,1.6963,29.52
10.3,1.713,29.52
10.4,1.7297,32.21
10.5,1.7463,29.52
10.6,1.763,29.52
10.7,1.7797,29.52
10.8,1.7963,32.21
10.9,1.813,32.21
11,1.8296,34.89
11.1,1.8463,37.58
11.2,1.863,53.69
11.3,1.8797,85.9
11.4,1.8963,147.63999
11.5,1.913,236.22999
11.6,1.9297,348.98
11.7,1.9464,483.21001
11.8,1.963,636.22999
11.9,1.9797,808.03996
12,1.9963,993.26996
12.1,2.013,1191.93001
12.2,2.0296,1401.32001
12.3,2.0463,1624.13996
12.4,2.063,1860.36993
12.5,2.0797,2099.29999
12.6,2.0963,2351.63998
12.7,2.113,2609.36003
12.8,2.1297,2875.13006
12.9,2.1464,3146.25986
13,2.163,3420.08993
13.1,2.1797,3704.64996
13.2,2.1963,3989.20998
13.3,2.213,4284.49996
13.4,2.2297,4577.12002
13.5,2.2463,4877.78001
13.6,2.263,5186.51009
13.7,2.2797,5492.54008
13.8,2.2964,5806.6301
13.9,2.313,6118.04016
14.2,2.363,7076.4102
14.3,2.3797,7403.93028
14.4,2.3963,7731.43992
14.5,2.413,8064.31994
14.6,2.4297,8399.89036
14.7,2.4463,8732.76964
14.8,2.463,9071.02004
14.9,2.4797,9409.26969
15,2.4964,9755.5697
15.1,2.513,10099.18973
15.2,2.5297,10448.18014
15.3,2.5463,10791.80017
15.4,2.563,11140.78984
15.5,2.5796,11489.78025
15.6,2.5963,11838.76991
15.7,2.613,12187.76032
15.8,2.6297,12542.11962
15.9,2.6464,12891.10929
16,2.663,13245.46039
16.1,2.6797,13615.93008
16.2,2.6964,13997.1301
16.3,2.713,14378.33011
16.4,2.7297,14764.90945
16.5,2.7463,15151.47984
16.6,2.763,15543.42061
16.7,2.7797,15940.73027
16.8,2.7963,16332.66956
16.9,2.813,16724.61033
17,2.8297,17121.91999
17.1,2.8464,17524.60003
17.2,2.863,17921.90969
17.3,2.8797,18319.21935
17.4,2.8964,18823.92019
17.5,2.913,19368.87056
17.6,2.9297,19919.20024
17.7,2.9463,20469.52993
17.8,2.963,21006.43963
17.9,2.9797,21556.76931
18,2.9963,22080.25008
18.1,3.013,22617.15978
18.2,3.0297,23167.48053
18.3,3.0464,23704.39023
18.4,3.0631,24254.71991
18.5,3.0797,24805.0496
18.6,3.0964,25341.94887
18.7,3.113,25905.69854
18.8,3.1297,26456.0312
18.9,3.1463,27006.36089
19,3.163,27570.11056
19.1,3.1797,28147.28916
19.2,3.1964,28724.45881
19.3,3.213,29301.63145
19.4,3.2297,29865.38112
19.5,3.2464,30455.9797
19.6,3.263,31046.58127
19.7,3.2797,31623.75093
19.8,3.2964,32214.34951
19.9,3.313,32804.93915
20,3.3297,33395.54071
20.1,3.3463,33999.55928
20.2,3.363,34590.16085
20.3,3.3797,35180.75049
20.4,3.3964,35771.34907
20.5,3.413,36321.67876
20.6,3.4297,36791.47065
20.7,3.4464,36724.3588
20.8,3.463,35529.73866
20.9,3.4797,35059.94976
21,3.4963,35153.91052
21.1,3.513,35382.08902
21.2,3.5297,35650.55132
21.3,3.5464,35892.14981
21.4,3.563,36066.65134
21.5,3.5797,36227.72098
21.6,3.5964,36335.09874
21.7,3.6131,36335.09874
21.8,3.6297,36388.79061
21.9,3.6464,36388.79061
22,3.663,36335.09874
22.1,3.6797,36308.25877
22.2,3.6963,36348.51873
22.3,3.713,36335.09874
22.4,3.7297,36335.09874
22.5,3.7464,36227.72098
22.6,3.763,36133.76021
22.7,3.7797,36053.21944
22.8,3.7964,36039.79945
22.9,3.8131,35932.4187
23,3.8297,35892.14981
23.1,3.8464,35825.04094
23.2,3.863,35811.62095
23.3,3.8797,35771.34907
23.4,3.8964,35798.18904
23.5,3.913,35798.18904
23.6,3.9297,35784.76906
23.7,3.9463,35757.92909
23.8,3.9631,35717.66019
23.9,3.9797,35650.55132
24,3.9963,35623.69943
24.1,4.0131,35650.55132
24.2,4.0297,35717.66019
24.45,4.0714,35637.11941
24.55,4.088,35570.01054
24.65,4.1047,35556.59056
24.75,4.1214,35395.52093
24.85,4.138,35234.43937
24.95,4.1546,35328.40014
25.05,4.1714,35489.46977
25.15,4.188,35731.08017
25.25,4.2047,35999.53055
25.35,4.2214,36267.98987
25.45,4.238,36536.44025
25.55,4.2547,36791.47065
25.65,4.2713,37046.50104
25.75,4.288,37261.25956
25.85,4.3047,37449.18108
25.95,4.3213,37623.6707
26.05,4.3381,37771.32034
26.15,4.3547,37918.96999
26.25,4.3713,38053.19965
26.35,4.3881,38200.84929
26.45,4.4047,38321.65003
26.55,4.4214,38455.87969
26.65,4.438,38576.68042
26.75,4.4547,38710.91008
26.85,4.4714,38831.71082
26.95,4.488,38952.52049
27.05,4.5046,39073.32122
27.15,4.5214,39194.11898
27.25,4.538,39314.92865
27.35,4.5548,39435.72938
27.45,4.5714,39556.53906
27.55,4.588,39663.91981
27.65,4.6047,39784.72054
27.75,4.6214,39892.10129
27.85,4.638,40012.91096
27.95,4.6547,40120.28873
28.05,4.6713,40241.08946
28.15,4.6881,40348.47021
28.25,4.7047,40469.27989
28.35,4.7213,40576.66063
28.45,4.7381,40684.04138
28.55,4.7547,40791.41915
28.65,4.7713,40898.7999
28.75,4.7881,41006.18064
28.85,4.8047,41100.14141
28.95,4.8214,41220.93916
29.05,4.838,41314.89992
29.15,4.8547,41422.28067
29.25,4.8714,41529.66142
29.35,4.888,41637.05111
29.45,4.9048,41730.99995
29.55,4.9214,41824.96071
29.65,4.938,41932.34146
29.75,4.9547,42026.29924
29.85,4.9714,42120.26
29.95,4.988,42214.22076
30.05,5.0047,42321.59853
30.15,5.0214,42402.13931
30.25,5.0381,42509.52005
30.35,5.0547,42603.48082
30.45,5.0713,42684.00967
30.55,5.0881,42777.97043
30.65,5.1047,42871.9312
30.75,5.1213,42952.46899
30.85,5.1381,43046.42081
30.95,5.1547,43153.8105
31.05,5.1714,43234.33936
31.15,5.188,43314.88013
31.25,5.2047,43408.84089
31.35,5.2214,43489.36975
31.45,5.238,43583.33051
31.55,5.2548,43677.29127
31.65,5.2714,43757.82013
31.75,5.288,43838.36091
31.85,5.3048,43918.8987
31.95,5.3214,44012.85052
32.05,5.338,44093.3913
32.15,5.3547,44173.9291
32.25,5.3714,44267.88092
32.35,5.3881,44348.41871
32.45,5.4047,44442.37947
32.55,5.4213,44522.92025
32.65,5.4381,44616.86909
32.75,5.4547,44683.98988
32.85,5.4713,44764.51874
32.95,5.4881,44858.4795
33.05,5.5047,44939.02028
33.15,5.5214,45019.54913
33.25,5.5381,45100.08991
33.35,5.5547,45194.05067
33.45,5.5714,45274.57952
33.55,5.588,45341.70032
33.65,5.6048,45435.66108
33.75,5.6214,45516.18993
33.85,5.638,45596.73071
33.95,5.6548,45677.25956
34.05,5.6714,45757.80034
34.15,5.688,45824.90921
34.25,5.7048,45918.86997
34.35,5.7214,45999.41075
34.45,5.7381,46066.51962
34.75,5.7881,46294.7011
34.85,5.8047,46375.2389
34.95,5.8213,46455.77967
35.05,5.8381,46536.30853
35.15,5.8547,46603.42932
35.25,5.8714,46683.96115
35.35,5.8881,46751.07002
35.45,5.9047,46831.6108
35.55,5.9214,46898.71967
35.65,5.9381,46979.26044
35.75,5.9547,47046.36931
35.85,5.9714,47113.4901
35.95,5.988,47194.01896
36.05,6.0048,47261.13975
36.15,6.0214,47328.24862
36.25,6.038,47408.78046
36.35,6.0548,47475.90125
36.45,6.0714,47569.85903
36.55,6.0881,47623.55089
36.65,6.1047,47704.07975
36.75,6.1214,47757.76863
36.85,6.1381,47838.30941
36.95,6.1547,47918.84124
37.05,6.1714,47972.53907
37.15,6.1881,48053.0709
37.25,6.2047,48133.6087
37.35,6.2215,48187.30056
37.45,6.2381,48240.98945
37.55,6.2547,48321.52128
37.65,6.2714,48375.21017
37.75,6.2881,48455.75094
37.85,6.3047,48509.43983
37.95,6.3214,48589.9806
38.05,6.338,48643.66949
38.15,6.3548,48724.20132
38.25,6.3714,48777.89021
38.35,6.388,48831.57909
38.45,6.4048,48885.27989
38.55,6.4214,48965.80875
38.65,6.4381,49019.50061
38.75,6.4548,49073.1895
38.85,6.4714,49153.73027
38.95,6.4881,49207.41916
39.05,6.5047,49261.11102
39.15,6.5214,49341.64882
39.25,6.5381,49395.34068
39.35,6.5547,49449.02956
39.45,6.5715,49502.72143
39.55,6.5881,49583.25028
39.65,6.6047,49636.93917
39.75,6.6215,49690.63103
39.85,6.6381,49744.31992
39.95,6.6547,49798.02072
40.05,6.6714,49878.54958
40.15,6.6881,49932.24144
40.25,6.7048,49985.93032
40.35,6.7214,50039.61921
40.45,6.738,50093.31107
40.55,6.7548,50147.00294
40.65,6.7714,50200.68884
40.75,6.7881,50254.39262
40.85,6.8048,50308.07853
40.95,6.8214,50361.77039
41.05,6.8381,50415.46226
41.15,6.8548,50469.14816
41.25,6.8714,50522.84002
41.35,6.8881,50576.53189
41.45,6.9047,50630.21779
41.55,6.9215,50683.90965
41.65,6.9381,50737.60152
41.75,6.9547,50791.28742
41.85,6.9715,50844.97929
41.95,6.9881,50898.67115
42.05,7.0047,50952.35705
42.15,7.0214,51006.04892
42.25,7.0381,51059.74078
42.35,7.0548,51113.43265
42.45,7.0714,51167.13047
42.55,7.0881,51220.82233
42.65,7.1048,51247.66231
42.75,7.1214,51301.34821
42.85,7.138,51355.04007
42.95,7.1548,51408.73194
43.05,7.1714,51462.41784
43.15,7.1881,51516.1097
43.25,7.2048,51569.80157
43.35,7.2214,51596.6475
43.45,7.2381,51650.33937
43.55,7.2547,51704.03123
43.65,7.2715,51730.87716
43.75,7.2881,51811.409
43.85,7.3047,51838.26089
43.95,7.3215,51891.95275
44.05,7.3381,51945.63866
44.15,7.3547,51999.33052
44.25,7.3715,52026.17049
44.35,7.3881,52079.86832
44.45,7.4048,52106.70829
44.55,7.4214,52160.40015
44.65,7.4381,52214.09202
44.75,7.4548,52240.93795
45.05,7.5048,52375.16165
45.15,7.5214,52428.84755
45.25,7.5382,52482.53942
45.35,7.5548,52509.39131
45.45,7.5714,52563.07721
45.55,7.5881,52616.76908
45.65,7.6048,52643.62097
45.75,7.6215,52697.31283
45.85,7.6381,52724.1528
45.95,7.6547,52777.83871
46.05,7.6715,52804.6906
46.15,7.6881,52858.38246
46.25,7.7047,52885.22243
46.35,7.7215,52938.90834
46.45,7.7381,52965.76023
46.55,7.7548,53019.4521
46.65,7.7715,53046.29803
46.75,7.7881,53099.98989
46.85,7.8048,53126.82986
46.95,7.8214,53180.52173
47.05,7.8379,53207.36766
47.15,7.8547,53261.05952
47.25,7.8714,53287.89949
47.35,7.8882,53314.75139
47.45,7.9047,53368.43729
47.55,7.9214,53395.27726
47.65,7.9381,53448.98105
47.75,7.9547,53475.82102
47.85,7.9714,53502.67291
47.95,7.9881,53556.35881
48.05,8.0046,53583.19879
48.15,8.0214,53610.05068
48.25,8.0381,53663.74254
48.35,8.0546,53690.58251
48.45,8.0714,53744.26842
48.55,8.0881,53771.12031
48.65,8.1048,53797.96028
48.75,8.1213,53851.65215
48.85,8.1381,53878.49808
48.95,8.1548,53905.34997
49.05,8.1713,53932.18994
49.15,8.1881,53985.88181
49.25,8.2048,54012.72774
49.35,8.2213,54039.56771
49.45,8.2381,54066.4196
49.55,8.2548,54093.25957
49.65,8.2713,54146.95144
49.75,8.288,54173.79737
49.85,8.3048,54200.63734
49.95,8.3213,54227.48923
50.05,8.338,54281.1811
50.15,8.3548,54308.02107
50.25,8.3715,54334.87296
50.35,8.388,54361.71889
50.45,8.4047,54415.41076
50.55,8.4215,54442.25073
50.65,8.438,54469.10262
50.75,8.4547,54495.94259
50.85,8.4715,54522.78852
50.95,8.488,54549.6285
51.05,8.5047,54603.32036
51.15,8.5215,54630.17225
51.25,8.538,54657.01222
51.35,8.5547,54683.85816
51.45,8.5714,54710.69813
51.55,8.5882,54737.55002
51.65,8.6047,54764.38999
51.75,8.6214,54818.08782
51.85,8.6382,54844.92779
51.95,8.6547,54871.77968
52.05,8.6714,54898.61965
52.15,8.6882,54925.47154
52.25,8.7047,54952.31152
52.35,8.7214,54979.15745
52.45,8.7381,55005.99742
52.55,8.7546,55032.84931
52.65,8.7714,55059.68928
52.75,8.7881,55086.54118
52.85,8.8049,55113.38115
52.95,8.8214,55140.22708
53.05,8.8381,55193.91894
53.15,8.8548,55220.75891
53.25,8.8714,55247.61081
53.35,8.8881,55274.4627
53.45,8.9048,55274.4627
53.55,8.9213,55301.30267
53.65,8.9381,55354.98857
53.75,8.9548,55381.84047
53.85,8.9713,55408.68044
53.95,8.9881,55408.68044
54.05,9.0048,55462.3723
54.15,9.0213,55462.3723
54.25,9.038,55516.05821
54.35,9.0548,55542.9101
54.45,9.0715,55542.9101
54.55,9.088,55569.75007
54.65,9.1048,55596.60196
54.75,9.1215,55623.44193
54.85,9.138,55650.28787
54.95,9.1548,55677.12784
55.05,9.1715,55703.97973
55.35,9.2215,55757.67159
55.45,9.238,55757.67159
55.55,9.2547,55784.51753
55.65,9.2715,55838.20939
55.75,9.2882,55838.20939
55.85,9.3047,55865.04936
55.95,9.3215,55891.90125
56.05,9.3382,55918.74123
56.15,9.3547,55918.74123
56.25,9.3714,55945.58716
56.35,9.3882,55972.42713
56.45,9.4047,55972.42713
56.55,9.4214,55999.27902
56.65,9.4382,56026.11899
56.75,9.4547,56052.97089
56.85,9.4714,56079.81086
56.95,9.4881,56106.66275
57.05,9.5046,56133.50272
57.15,9.5214,56133.50272
57.25,9.5381,56160.34865
57.35,9.5549,56187.20055
57.45,9.5714,56187.20055
57.55,9.5881,56214.04052
57.65,9.6049,56240.89241
57.75,9.6214,56267.73238
57.85,9.6381,56267.73238
57.95,9.6548,56294.57831
58.05,9.6713,56321.41829
58.15,9.6881,56348.27018
58.25,9.7048,56375.11015
58.35,9.7213,56375.11015
58.45,9.7381,56401.96204
58.55,9.7548,56428.80201
58.65,9.7715,56455.64795
58.75,9.7881,56455.64795
58.85,9.8048,56482.48792
58.95,9.8215,56482.48792
59.05,9.838,56509.33981
59.15,9.8548,56509.33981
59.25,9.8715,56536.17978
59.35,9.888,56563.03167
59.45,9.9048,56563.03167
59.55,9.9215,56563.03167
59.65,9.938,56589.87164
59.75,9.9547,56589.87164
59.85,9.9715,56589.87164
59.95,9.9882,56616.71758
60.05,10.0047,56616.71758
60.15,10.0215,56616.71758
60.25,10.0382,56643.56947
60.35,10.0547,56670.40944
60.45,10.0715,56670.40944
60.55,10.0882,56697.26133
60.65,10.1047,56724.10131
60.75,10.1214,56750.94724
60.85,10.1382,56777.78721
60.95,10.1547,56804.6391
61.05,10.1714,56831.47907
61.15,10.1882,56858.33097
61.25,10.2047,56858.33097
61.35,10.2214,56885.17094
61.45,10.2382,56912.02283
61.55,10.2549,56912.02283
61.65,10.2714,56938.8628
61.75,10.2881,56965.70873
61.85,10.3049,56965.70873
61.95,10.3214,56992.5487
62.05,10.3381,57019.4006
62.15,10.3549,57046.24057
62.25,10.3714,57046.24057
62.35,10.3881,57073.09246
62.45,10.4048,57073.09246
62.55,10.4213,57099.93839
62.65,10.4381,57126.77836
62.75,10.4548,57126.77836
62.85,10.4716,57153.63026
62.95,10.4881,57153.63026
63.05,10.5048,57180.47023
63.15,10.5216,57180.47023
63.25,10.5381,57207.32212
63.35,10.5548,57234.16209
63.45,10.5715,57234.16209
63.55,10.588,57261.00802
63.65,10.6048,57261.00802
63.75,10.6215,57287.848
63.85,10.638,57314.69989
63.95,10.6548,57314.69989
64.05,10.6715,57341.53986
64.15,10.688,57341.53986
64.25,10.7048,57368.39175
64.35,10.7215,57368.39175
64.45,10.7382,57395.23172
64.55,10.7547,57422.07766
64.65,10.7715,57422.07766
64.75,10.7882,57448.91763
64.85,10.8047,57448.91763
64.95,10.8215,57475.76952
65.05,10.8382,57475.76952
65.15,10.8547,57475.76952
65.25,10.8714,57502.60949
65.35,10.8882,57529.46138
65.65,10.9382,57556.30732
65.75,10.9549,57583.14729
65.85,10.9714,57583.14729
65.95,10.9882,57609.99918
66.05,11.0049,57609.99918
66.15,11.0214,57636.83915
66.25,11.0381,57636.83915
66.35,11.0549,57663.69104
66.45,11.0714,57663.69104
66.55,11.0881,57690.53102
66.65,11.1049,57690.53102
66.75,11.1214,57690.53102
66.85,11.1381,57717.38291
66.95,11.1549,57744.22288
67.05,11.1716,57744.22288
67.15,11.1881,57744.22288
67.25,11.2048,57771.06881
67.35,11.2216,57771.06881
67.45,11.2381,57797.90878
67.55,11.2548,57824.76068
67.65,11.2716,57824.76068
67.75,11.2881,57824.76068
67.85,11.3048,57851.60065
67.95,11.3215,57851.60065
68.05,11.338,57878.45254
68.15,11.3548,57878.45254
68.25,11.3715,57905.29251
68.35,11.388,57905.29251
68.45,11.4048,57905.29251
68.55,11.4215,57932.13844
68.65,11.4383,57932.13844
68.75,11.4548,57932.13844
68.85,11.4715,57958.97841
68.95,11.4882,57958.97841
69.05,11.5047,57985.83031
69.15,11.5215,57985.83031
69.25,11.5382,58012.6822
69.35,11.5547,58012.6822
69.45,11.5715,58012.6822
69.55,11.5882,58039.52217
69.65,11.6047,58039.52217
69.75,11.6215,58039.52217
69.85,11.6382,58066.3681
69.95,11.6549,58066.3681
70.05,11.6714,58093.20807
70.15,11.6882,58093.20807
70.25,11.7049,58120.05997
70.35,11.7214,58120.05997
70.45,11.7382,58120.05997
70.55,11.7549,58146.89994
70.65,11.7714,58146.89994
70.75,11.7881,58146.89994
70.85,11.8049,58173.75183
70.95,11.8214,58173.75183
71.05,11.8381,58173.75183
71.15,11.8549,58200.5918
71.25,11.8714,58200.5918
71.35,11.8881,58200.5918
71.45,11.9049,58227.43773
71.55,11.9216,58227.43773
71.65,11.9381,58227.43773
71.75,11.9548,58254.27771
71.85,11.9716,58254.27771
71.95,11.9881,58254.27771
72.05,12.0048,58281.1296
72.15,12.0216,58281.1296
72.25,12.0381,58281.1296
72.35,12.0548,58281.1296
72.45,12.0716,58307.96957
72.55,12.0881,58307.96957
72.65,12.1048,58307.96957
72.75,12.1215,58334.82146
72.85,12.1383,58334.82146
72.95,12.1548,58334.82146
73.05,12.1715,58361.66143
73.15,12.1883,58361.66143
73.25,12.2048,58361.66143
73.35,12.2215,58388.50737
73.45,12.2382,58388.50737
73.55,12.2547,58388.50737
73.65,12.2715,58388.50737
73.75,12.2882,58415.34734
73.85,12.3047,58415.34734
73.95,12.3215,58415.34734
74.05,12.3382,58442.19923
74.15,12.355,58442.19923
74.25,12.3715,58442.19923
74.35,12.3882,58442.19923
74.45,12.4049,58469.05112
74.55,12.4214,58469.05112
74.65,12.4382,58469.05112
74.75,12.4549,58469.05112
74.85,12.4714,58495.89109
74.95,12.4882,58495.89109
75.05,12.5049,58495.89109
75.15,12.5214,58522.73703
75.25,12.5382,58522.73703
75.35,12.5549,58522.73703
75.45,12.5714,58522.73703
75.55,12.5881,58522.73703
75.65,12.6049,58549.58296
75.95,12.6549,58549.58296
76.05,12.6716,58576.42889
76.15,12.6881,58576.42889
76.25,12.7048,58576.42889
76.35,12.7216,58576.42889
76.45,12.7381,58603.26886
76.55,12.7548,58603.26886
76.65,12.7716,58603.26886
76.75,12.7881,58603.26886
76.85,12.8048,58603.26886
76.95,12.8216,58630.12075
77.05,12.8383,58630.12075
77.15,12.8548,58630.12075
77.25,12.8715,58630.12075
77.35,12.8883,58630.12075
77.45,12.9048,58656.96073
77.55,12.9215,58656.96073
77.65,12.9383,58656.96073
77.75,12.9548,58656.96073
77.85,12.9715,58656.96073
77.95,12.9883,58683.81262
78.05,13.0048,58683.81262
78.15,13.0215,58683.81262
78.25,13.0382,58683.81262
78.35,13.0547,58683.81262
78.45,13.0715,58710.65259
78.55,13.0882,58710.65259
78.65,13.105,58710.65259
78.75,13.1215,58710.65259
78.85,13.1382,58710.65259
78.95,13.1549,58737.49852
79.05,13.1714,58737.49852
79.15,13.1882,58737.49852
79.25,13.2049,58737.49852
79.35,13.2214,58737.49852
79.45,13.2382,58737.49852
79.55,13.2549,58737.49852
79.65,13.2714,58764.33849
79.75,13.2882,58764.33849
79.85,13.3049,58764.33849
79.95,13.3216,58764.33849
80.05,13.3381,58764.33849
80.15,13.3549,58791.19039
80.25,13.3716,58791.19039
80.35,13.3881,58791.19039
80.45,13.4049,58791.19039
80.55,13.4216,58791.19039
80.65,13.4381,58791.19039
80.75,13.4549,58818.03036
80.85,13.4716,58818.03036
80.95,13.4881,58791.19039
81.05,13.5048,58818.03036
81.15,13.5216,58818.03036
81.25,13.5383,58818.03036
81.35,13.5548,58818.03036
81.45,13.5716,58818.03036
81.55,13.5883,58818.03036
81.65,13.6048,58818.03036
81.75,13.6215,58844.88225
81.85,13.6383,58844.88225
81.95,13.6548,58844.88225
82.05,13.6715,58844.88225
82.15,13.6883,58844.88225
82.25,13.7048,58844.88225
82.35,13.7215,58844.88225
82.45,13.7383,58844.88225
82.55,13.7548,58871.72222
82.65,13.7715,58871.72222
82.75,13.7882,58871.72222
82.85,13.805,58871.72222
82.95,13.8215,58871.72222
83.05,13.8382,58871.72222
83.15,13.855,58871.72222
83.25,13.8715,58871.72222
83.35,13.8882,58898.56815
83.45,13.905,58898.56815
83.55,13.9215,58898.56815
83.65,13.9382,58898.56815
83.75,13.9549,58898.56815
83.85,13.9714,58898.56815
83.95,13.9882,58898.56815
84.05,14.0049,58898.56815
84.15,14.0217,58898.56815
84.25,14.0382,58898.56815
84.35,14.0549,58898.56815
84.45,14.0716,58898.56815
84.55,14.0881,58898.56815
84.65,14.1049,58925.42005
84.75,14.1216,58925.42005
84.85,14.1381,58925.42005
84.95,14.1549,58925.42005
85.05,14.1716,58925.42005
85.15,14.1881,58925.42005
85.25,14.2049,58925.42005
85.35,14.2216,58925.42005
85.45,14.2381,58925.42005
85.55,14.2548,58925.42005
85.65,14.2716,58925.42005
85.75,14.2883,58925.42005
85.85,14.3048,58925.42005
85.95,14.3216,58925.42005
86.2,14.3632,58952.26002
86.3,14.3799,58952.26002
86.4,14.3967,58925.42005
86.5,14.4132,58952.26002
86.6,14.4299,58952.26002
86.7,14.4466,58952.26002
86.8,14.4632,58952.26002
86.9,14.4799,58952.26002
87,14.4966,58952.26002
87.1,14.5131,58952.26002
87.2,14.5299,58952.26002
87.3,14.5466,58952.26002
87.4,14.5631,58952.26002
87.5,14.5799,58952.26002
87.6,14.5966,58952.26002
87.7,14.6133,58952.26002
87.8,14.6298,58952.26002
87.9,14.6466,58952.26002
88,14.6633,58952.26002
88.1,14.6798,58952.26002
88.2,14.6966,58952.26002
88.3,14.7133,58952.26002
88.4,14.7298,58952.26002
88.5,14.7466,58952.26002
88.6,14.7633,58952.26002
88.7,14.7798,58952.26002
88.8,14.7965,58952.26002
88.9,14.8133,58952.26002
89,14.8298,58952.26002
89.1,14.8465,58952.26002
89.2,14.8633,58952.26002
89.3,14.88,58952.26002
89.4,14.8965,58952.26002
89.5,14.9133,58952.26002
89.6,14.93,58952.26002
89.7,14.9465,58952.26002
89.8,14.9632,58952.26002
89.9,14.98,58952.26002
90,14.9965,58952.26002
90.1,15.0132,58979.11191
90.2,15.03,58979.11191
90.3,15.0465,58952.26002
90.4,15.0632,58952.26002
90.5,15.0799,58952.26002
90.6,15.0967,58952.26002
90.7,15.1132,58952.26002
90.8,15.1299,58952.26002
90.9,15.1467,58952.26002
91,15.1632,58952.26002
91.1,15.1799,58952.26002
91.2,15.1967,58952.26002
91.3,15.2132,58952.26002
91.4,15.2299,58952.26002
91.5,15.2466,58952.26002
91.6,15.2631,58952.26002
91.7,15.2799,58952.26002
91.8,15.2966,58952.26002
91.9,15.3134,58952.26002
92,15.3299,58952.26002
92.1,15.3466,58952.26002
92.2,15.3633,58952.26002
92.3,15.3799,58952.26002
92.4,15.3966,58952.26002
92.5,15.4133,58952.26002
92.6,15.4298,58952.26002
92.7,15.4466,58952.26002
92.8,15.4633,58952.26002
92.9,15.4798,58952.26002
93,15.4966,58925.42005
93.1,15.5133,58952.26002
93.2,15.5298,58952.26002
93.3,15.5465,58925.42005
93.4,15.5633,58952.26002
93.5,15.58,58952.26002
93.6,15.5965,58925.42005
93.7,15.6133,58925.42005
93.8,15.63,58925.42005
93.9,15.6465,58925.42005
94,15.6633,58925.42005
94.1,15.6798,58925.42005
94.2,15.6965,58925.42005
94.3,15.7132,58925.42005
94.4,15.73,58925.42005
94.5,15.7462,58925.42005
94.6,15.763,58925.42005
94.7,15.7797,58898.56815
94.8,15.7965,58925.42005
94.9,15.8132,58898.56815
95,15.83,58898.56815
95.1,15.8467,58898.56815
95.2,15.863,58898.56815
95.3,15.8797,58898.56815
95.4,15.8964,58898.56815
95.5,15.9132,58898.56815
95.6,15.9299,58898.56815
95.7,15.9467,58898.56815
95.8,15.9629,58898.56815
95.9,15.9797,58871.72222
96,15.9964,58871.72222
96.1,16.0131,58871.72222
96.2,16.0299,58871.72222
96.45,16.0715,58871.72222
96.55,16.0882,58871.72222
96.65,16.105,58871.72222
96.75,16.1212,58871.72222
96.85,16.138,58871.72222
96.95,16.1547,58871.72222
97.05,16.1715,58844.88225
97.15,16.1882,58844.88225
97.25,16.205,58844.88225
97.35,16.2217,58844.88225
97.45,16.238,58844.88225
97.55,16.2547,58844.88225
97.65,16.2714,58844.88225
97.75,16.2882,58844.88225
97.85,16.3049,58844.88225
97.95,16.3217,58844.88225
98.05,16.3379,58818.03036
98.15,16.3547,58818.03036
98.25,16.3714,58818.03036
98.35,16.3881,58818.03036
98.45,16.4049,58818.03036
98.55,16.4216,58818.03036
98.65,16.4384,58818.03036
98.75,16.4546,58791.19039
98.85,16.4714,58791.19039
98.95,16.4881,58791.19039
99.05,16.5049,58791.19039
99.15,16.5216,58791.19039
99.25,16.5383,58791.19039
99.35,16.5546,58764.33849
99.45,16.5713,58764.33849
99.55,16.5881,58764.33849
99.65,16.6048,58764.33849
99.75,16.6216,58764.33849
99.85,16.6383,58764.33849
99.95,16.6551,58764.33849
100.05,16.6713,58737.49852
100.15,16.6881,58737.49852
100.25,16.7048,58737.49852
100.35,16.7215,58737.49852
100.45,16.7383,58737.49852
100.55,16.755,58737.49852
100.65,16.7713,58737.49852
100.75,16.788,58710.65259
100.85,16.8048,58710.65259
100.95,16.8215,58710.65259
101.05,16.8382,58710.65259
101.15,16.855,58683.81262
101.25,16.8717,58683.81262
101.35,16.888,58683.81262
101.45,16.9047,58683.81262
101.55,16.9215,58683.81262
101.65,16.9382,58683.81262
101.75,16.955,58656.96073
101.85,16.9717,58656.96073
101.95,16.988,58656.96073
102.05,17.0047,58656.96073
102.15,17.0214,58656.96073
102.25,17.0382,58630.12075
102.35,17.0549,58630.12075
102.45,17.0717,58630.12075
102.55,17.0884,58630.12075
102.65,17.1047,58603.26886
102.75,17.1214,58603.26886
102.85,17.1382,58603.26886
102.95,17.1549,58603.26886
103.05,17.1716,58603.26886
103.15,17.1884,58603.26886
103.25,17.2046,58576.42889
103.35,17.2214,58576.42889
103.45,17.2381,58576.42889
103.55,17.2549,58576.42889
103.65,17.2716,58549.58296
103.75,17.2883,58549.58296
103.85,17.3046,58549.58296
103.95,17.3214,58549.58296
104.05,17.3381,58522.73703
104.15,17.3548,58522.73703
104.25,17.3716,58522.73703
104.35,17.3883,58495.89109
104.45,17.4051,58495.89109
104.55,17.4213,58495.89109
104.65,17.4381,58495.89109
104.75,17.4548,58469.05112
104.85,17.4715,58469.05112
104.95,17.4883,58469.05112
105.05,17.505,58442.19923
105.15,17.5213,58442.19923
105.25,17.538,58442.19923
105.35001,17.5548,58415.34734
105.45001,17.5715,58415.34734
105.55001,17.5883,58415.34734
105.65001,17.605,58415.34734
105.75001,17.6217,58388.50737
105.85001,17.638,58388.50737
105.95001,17.6547,58388.50737
106.05001,17.6715,58361.66143
106.15001,17.6882,58361.66143
106.25001,17.705,58361.66143
106.35001,17.7217,58334.82146
106.45001,17.738,58334.82146
106.70001,17.7801,58307.96957
106.80001,17.7963,58307.96957
106.90001,17.8131,58281.1296
107.00001,17.8298,58281.1296
107.10001,17.8465,58281.1296
107.20001,17.8633,58254.27771
107.30001,17.88,58254.27771
107.40001,17.8963,58254.27771
107.50001,17.913,58227.43773
107.60001,17.9298,58227.43773
107.70001,17.9465,58200.5918
107.80001,17.9633,58200.5918
107.90001,17.98,58200.5918
108.00001,17.9967,58173.75183
108.10001,18.013,58173.75183
108.20001,18.0297,58146.89994
108.30001,18.0465,58146.89994
108.40001,18.0632,58146.89994
108.50001,18.08,58120.05997
108.60001,18.0967,58120.05997
108.70001,18.113,58120.05997
108.80001,18.1297,58093.20807
108.90001,18.1465,58066.3681
109.00001,18.1632,58066.3681
109.10001,18.1799,58039.52217
109.20001,18.1967,58039.52217
109.30001,18.2134,58039.52217
109.40001,18.2297,58012.6822
109.50001,18.2464,58012.6822
109.60001,18.2632,57985.83031
109.70001,18.2799,57985.83031
109.80001,18.2966,57958.97841
109.90001,18.3134,57958.97841
110.00001,18.3297,57932.13844
110.10001,18.3464,57905.29251
110.20001,18.3631,57905.29251
110.30001,18.3799,57905.29251
110.40001,18.3966,57878.45254
110.50001,18.4134,57851.60065
110.60001,18.4301,57851.60065
110.70001,18.4464,57824.76068
110.80001,18.4631,57824.76068
110.90001,18.4798,57824.76068
111.00001,18.4966,57797.90878
111.10001,18.5133,57771.06881
111.20001,18.5301,57771.06881
111.30001,18.5463,57744.22288
111.40001,18.5631,57717.38291
111.50001,18.5798,57717.38291
111.60001,18.5966,57690.53102
111.70001,18.6133,57690.53102
111.80001,18.63,57663.69104
111.90001,18.6468,57636.83915
112.00001,18.663,57636.83915
112.10001,18.6798,57609.99918
112.20001,18.6965,57583.14729
112.30001,18.7133,57583.14729
112.40001,18.73,57556.30732
112.50001,18.7467,57529.46138
112.60001,18.763,57529.46138
112.70001,18.7797,57502.60949
112.80001,18.7965,57475.76952
112.90001,18.8132,57475.76952
113.00001,18.83,57448.91763
113.10001,18.8467,57422.07766
113.20001,18.8635,57422.07766
113.30001,18.8797,57395.23172
113.40001,18.8965,57368.39175
113.50001,18.9132,57341.53986
113.60001,18.9299,57341.53986
113.70001,18.9467,57314.69989
113.80001,18.9634,57287.848
113.90001,18.9797,57287.848
114.00001,18.9964,57261.00802
114.10001,19.0132,57234.16209
114.20001,19.0299,57207.32212
114.30001,19.0467,57180.47023
114.40001,19.0634,57153.63026
114.50001,19.0797,57126.77836
114.60001,19.0964,57126.77836
114.70001,19.1131,57099.93839
114.80001,19.1299,57073.09246
114.90001,19.1466,57073.09246
115.00001,19.1634,57046.24057
115.10001,19.1801,57019.4006
115.20001,19.1964,56992.5487
115.30001,19.2131,56965.70873
115.40001,19.2298,56938.8628
115.50001,19.2466,56912.02283
115.60001,19.2633,56885.17094
115.70001,19.2801,56858.33097
115.80001,19.2963,56831.47907
115.90001,19.3131,56831.47907
116.00001,19.3298,56777.78721
116.10001,19.3466,56777.78721
116.20001,19.3633,56750.94724
116.30001,19.38,56724.10131
116.40001,19.3968,56697.26133
116.50001,19.413,56670.40944
116.60001,19.4298,56643.56947
116.70001,19.4465,56616.71758
116.95001,19.4881,56536.17978
117.05001,19.5049,56536.17978
117.15001,19.5216,56482.48792
117.25001,19.5384,56455.64795
117.35001,19.5551,56428.80201
117.45001,19.5714,56401.96204
117.55001,19.5881,56375.11015
117.65001,19.6049,56348.27018
117.75001,19.6216,56321.41829
117.85001,19.6383,56294.57831
117.95001,19.6551,56267.73238
118.05001,19.6713,56240.89241
118.15001,19.6881,56214.04052
118.25001,19.7048,56187.20055
118.35001,19.7216,56160.34865
118.45001,19.7383,56133.50272
118.55001,19.755,56079.81086
118.65001,19.7718,56052.97089
118.75001,19.788,56026.11899
118.85001,19.8048,55999.27902
118.95001,19.8215,55972.42713
119.05001,19.8383,55945.58716
119.15001,19.855,55918.74123
119.25001,19.8718,55865.04936
119.35001,19.888,55838.20939
119.45001,19.9048,55811.3575
119.55001,19.9215,55784.51753
119.65001,19.9382,55757.67159
119.75001,19.955,55703.97973
119.85001,19.9717,55677.12784
119.95001,19.9885,55650.28787
120.05001,20.0047,55623.44193
120.15001,20.0215,55596.60196
120.25001,20.0382,55542.9101
120.35001,20.055,55516.05821
120.45001,20.0717,55489.21824
120.55001,20.0884,55435.53233
120.65001,20.1047,55408.68044
120.75001,20.1214,55381.84047
120.85001,20.1382,55354.98857
120.95001,20.1549,55301.30267
121.05001,20.1717,55274.4627
121.15001,20.1884,55247.61081
121.25001,20.2051,55193.91894
121.35001,20.2214,55167.06705
121.45001,20.2381,55140.22708
121.55001,20.2549,55086.54118
121.65001,20.2716,55059.68928
121.75001,20.2884,55005.99742
121.85001,20.3051,54979.15745
121.95001,20.3214,54925.47154
122.05001,20.3381,54898.61965
122.15001,20.3549,54871.77968
122.25001,20.3716,54818.08782
122.35001,20.3883,54791.24188
122.45001,20.4051,54737.55002
122.55001,20.4218,54710.69813
122.65001,20.4381,54683.85816
122.75001,20.4548,54630.17225
122.85001,20.4716,54603.32036
122.95001,20.4883,54549.6285
123.05001,20.5051,54522.78852
123.15001,20.5218,54469.10262
123.25001,20.5381,54442.25073
123.35001,20.5548,54388.55886
123.45001,20.5715,54334.87296
123.55001,20.5883,54308.02107
123.65001,20.605,54281.1811
123.75001,20.6218,54227.48923
123.85001,20.6385,54173.79737
123.95001,20.6548,54146.95144
124.05001,20.6715,54093.25957
124.15001,20.6882,54066.4196
124.25001,20.705,54012.72774
124.35001,20.7217,53985.88181
124.45001,20.7385,53932.18994
124.55001,20.7547,53878.49808
124.65001,20.7715,53851.65215
124.75001,20.7882,53797.96028
124.85001,20.805,53744.26842
124.95001,20.8217,53717.42845
125.05001,20.8384,53663.74254
125.15001,20.8547,53610.05068
125.25001,20.8714,53583.19879
125.35001,20.8882,53529.51288
125.45001,20.9049,53475.82102
125.55001,20.9217,53422.12915
125.65001,20.9384,53395.27726
125.75001,20.9551,53341.59136
125.85001,20.9714,53287.89949
125.95001,20.9882,53261.05952
126.05001,21.0049,53207.36766
126.15001,21.0216,53153.68176
126.25001,21.0384,53099.98989
126.35001,21.0551,53046.29803
126.45001,21.0714,52992.61212
126.55001,21.0881,52965.76023
126.65001,21.1049,52912.06837
126.75001,21.1216,52858.38246
126.85001,21.1383,52804.6906
126.95001,21.1551,52750.99874
127.25001,21.2048,52616.76908
127.35001,21.2216,52563.07721
127.45001,21.2383,52509.39131
127.55001,21.2551,52455.69944
127.65001,21.2718,52402.00758
127.75001,21.2881,52348.32168
127.85001,21.3048,52294.62981
127.95001,21.3215,52240.93795
128.05001,21.3383,52187.25204
128.15001,21.355,52133.56018
128.25001,21.3718,52106.70829
128.35001,21.3885,52026.17049
128.45001,21.4048,51972.47863
128.55001,21.4215,51918.79272
128.65001,21.4383,51865.10086
128.75001,21.455,51811.409
128.85001,21.4717,51757.71713
128.95001,21.4885,51730.87716
129.05001,21.5047,51650.33937
129.15001,21.5215,51596.6475
129.25001,21.5382,51542.9616
129.35001,21.555,51489.26973
129.45001,21.5717,51408.73194
129.55001,21.5884,51381.89197
129.65001,21.6052,51301.34821
129.75001,21.6214,51247.66231
129.85001,21.6382,51193.97044
129.95001,21.6549,51140.27858
130.05001,21.6717,51086.59267
130.15001,21.6884,51032.90081
130.25001,21.7052,50952.35705
130.35001,21.7214,50898.67115
130.45001,21.7382,50844.97929
130.55001,21.7549,50791.28742
130.65001,21.7716,50737.60152
130.75001,21.7884,50657.05776
130.85001,21.8051,50603.37186
130.95001,21.8219,50549.67999
131.05001,21.8381,50469.14816
131.15001,21.8549,50415.46226
131.25001,21.8716,50361.77039
131.35001,21.8884,50281.2326
131.45001,21.9051,50227.54073
131.55001,21.9218,50173.84887
131.65001,21.9381,50093.31107
131.75001,21.9548,50039.61921
131.85001,21.9716,49985.93032
131.95001,21.9883,49905.40147
132.05001,22.0051,49851.7096
132.15001,22.0218,49771.16883
132.25001,22.0381,49717.47994
132.35001,22.0548,49636.93917
132.45001,22.0715,49583.25028
132.55001,22.0883,49529.5614
132.65001,22.105,49449.02956
132.75001,22.1218,49368.48879
132.85001,22.1385,49314.7999
132.95001,22.1548,49261.11102
133.05001,22.1715,49180.57024
133.15001,22.1883,49100.04139
133.25001,22.205,49046.34953
133.35001,22.2217,48965.80875
133.45001,22.2385,48885.27989
133.55001,22.2547,48831.57909
133.65001,22.2715,48751.05023
133.75001,22.2882,48697.36135
133.85001,22.305,48616.82057
133.95001,22.3217,48536.28874
134.05001,22.3385,48482.59985
134.15001,22.3552,48402.05908
134.25001,22.3715,48321.52128
134.35001,22.3882,48240.98945
134.45001,22.4049,48187.30056
134.55001,22.4217,48106.75979
134.65001,22.4384,48026.23093
134.75001,22.4552,47945.69016
134.85001,22.4714,47892.00127
134.95001,22.4882,47811.46049
135.05001,22.5049,47730.92866
135.15001,22.5216,47650.39086
135.25001,22.5384,47569.85903
135.35001,22.5551,47489.32123
135.45001,22.5719,47408.78046
135.55001,22.5881,47355.08859
135.65001,22.6049,47274.55974
135.75001,22.6216,47194.01896
135.85001,22.6384,47113.4901
135.95001,22.6551,47032.94933
136.05001,22.6718,46952.40855
136.15001,22.6881,46871.8797
136.25001,22.7048,46791.33892
136.35001,22.7216,46683.96115
136.45001,22.7383,46630.26929
136.55001,22.7551,46549.72851
136.65001,22.7718,46442.35075
136.75001,22.7885,46361.81891
136.85001,22.8048,46281.28111
136.95001,22.8216,46200.74928
137.05001,22.8383,46120.21148
137.15001,22.855,46039.67071
137.25001,22.8718,45959.13887
137.55001,22.9215,45690.69147
137.65001,22.9383,45610.15069
137.75001,22.955,45502.76995
137.85001,22.9717,45422.22917
137.95001,22.9885,45341.70032
138.05001,23.0052,45234.31957
138.15001,23.0215,45153.77879
138.25001,23.0382,45046.40102
138.35001,23.055,44965.86025
138.45001,23.0717,44885.33139
138.55001,23.0885,44777.95064
138.65001,23.1052,44697.40987
138.75001,23.1215,44590.02912
138.85001,23.1382,44509.49132
138.95001,23.1549,44402.11058
139.05001,23.1717,44321.57874
139.15001,23.1884,44214.18905
139.25001,23.2052,44106.81129
139.35001,23.2214,43999.43054
139.45001,23.2382,43905.46978
139.55001,23.2549,43811.50901
139.65001,23.2717,43704.13125
139.75001,23.2884,43610.17942
139.85001,23.3051,43516.21866
139.95001,23.3219,43408.84089
140.05001,23.3381,43301.45121
140.15001,23.3549,43194.07046
140.25001,23.3716,43100.1097
140.35001,23.3884,42992.72895
140.45001,23.4051,42885.35118
140.55001,23.4218,42777.97043
140.65001,23.4381,42670.58969
140.75001,23.4548,42563.20894
140.85001,23.4716,42455.83117
140.95001,23.4883,42348.45042
141.05001,23.5051,42241.06967
141.15001,23.5218,42120.26
141.25001,23.5386,42012.87925
141.35001,23.5548,41892.07852
141.45001,23.5716,41784.70075
141.55001,23.5883,41663.89108
141.65001,23.605,41556.51033
141.75001,23.6218,41435.7096
141.85001,23.6385,41314.89992
141.95001,23.6548,41194.09919
142.05001,23.6715,41073.28951
142.15001,23.6883,40952.48878
142.25001,23.705,40831.69103
142.35001,23.7218,40697.46137
142.45001,23.7385,40563.22873
142.55001,23.7552,40415.591
142.65001,23.7715,40200.82057
